user_id,name,age,location,profession,experience_years,professional_summary,about_me,mbti,intrests
U001,Aarav,43,Gurugram,Business Analyst,21,"I work as a business analyst with 21 years of experience. My work focuses on sql, process improvement, requirements analysis, and I enjoy building practical solutions while improving my professional skills.","I am organized and enjoy solving practical problems. I like collaborative environments, meaningful conversations, and exploring new ideas.",INTJ,"cycling, badminton, photography, books"
U002,Aditya,41,Kochi,Operations Analyst,5,"I work as a operations analyst with 5 years of experience. My work focuses on reporting, operations, excel, and I enjoy building practical solutions while improving my professional skills.","I am organized and enjoy solving practical problems. I like collaborative environments, meaningful conversations, and exploring new ideas.",INTP,"meditation, technology, blogging, reading"
U003,Aisha,41,Noida,Cybersecurity Analyst,4,"I work as a cybersecurity analyst with 4 years of experience. My work focuses on python, network security, cloud security, and I enjoy building practical solutions while improving my professional skills.","I prefer structured work but also enjoy experimenting with better approaches. I value teamwork, honesty, learning, and a positive work environment.",ENTJ,"movies, gaming, design, public speaking"
U004,Akash,20,Bengaluru,Financial Analyst,0,"I work as a financial analyst with 0 years of experience. My work focuses on financial modeling, sql, forecasting, and I enjoy building practical solutions while improving my professional skills.","I prefer structured work but also enjoy experimenting with better approaches. I value teamwork, honesty, learning, and a positive work environment.",ENTP,"entrepreneurship, fashion, trekking, volunteering"
U005,Ananya,30,Noida,Research Assistant,6,"I work as a research assistant with 6 years of experience. My work focuses on python, research, technical writing, and I enjoy building practical solutions while improving my professional skills.","I am organized and enjoy solving practical problems. I like collaborative environments, meaningful conversations, and exploring new ideas.",INFJ,"entrepreneurship, podcasts, blogging, writing"
U006,Arjun,39,Jaipur,Product Manager,1,"I work as a product manager with 1 years of experience. My work focuses on product strategy, leadership, user research, and I enjoy building practical solutions while improving my professional skills.","I am a calm and dependable person who enjoys helping others. I like reading, exploring new places, and developing skills that have practical value.",INFP,"trekking, technology, cycling, photography"
U007,Aryan,21,Kolkata,Business Analyst,1,"I work as a business analyst with 1 years of experience. My work focuses on requirements analysis, excel, sql, and I enjoy building practical solutions while improving my professional skills.","I enjoy learning new skills and working with people who are curious and dependable. I value clear communication, creativity, and continuous improvement.",ENFJ,"writing, meditation, photography, technology"
U008,Avni,34,Kochi,Machine Learning Engineer,0,"I work as a machine learning engineer with 0 years of experience. My work focuses on tensorflow, machine learning, nlp, and I enjoy building practical solutions while improving my professional skills.","I enjoy learning new skills and working with people who are curious and dependable. I value clear communication, creativity, and continuous improvement.",ENFP,"music, fashion, painting, movies"
U009,Bhavya,45,Mangaluru,Teacher,24,"I work as a teacher with 24 years of experience. My work focuses on mentoring, curriculum design, communication, and I enjoy building practical solutions while improving my professional skills.","I am a calm and dependable person who enjoys helping others. I like reading, exploring new places, and developing skills that have practical value.",ISTJ,"podcasts, technology, photography, music"
U010,Charan,38,Bengaluru,Operations Analyst,3,"I work as a operations analyst with 3 years of experience. My work focuses on reporting, operations, process analysis, and I enjoy building practical solutions while improving my professional skills.","I am a calm and dependable person who enjoys helping others. I like reading, exploring new places, and developing skills that have practical value.",ISFJ,"photography, technology, reading, meditation"
U011,Diya,33,Bengaluru,Financial Analyst,6,"I work as a financial analyst with 6 years of experience. My work focuses on excel, financial modeling, forecasting, and I enjoy building practical solutions while improving my professional skills.","I am organized and enjoy solving practical problems. I like collaborative environments, meaningful conversations, and exploring new ideas.",ESTJ,"gardening, coding, travel, entrepreneurship"
U012,Dhruv,21,Gurugram,Software Developer,1,"I work as a software developer with 1 years of experience. My work focuses on python, java, web development, and I enjoy building practical solutions while improving my professional skills.","I am curious, adaptable, and motivated by challenging projects. Outside work, I enjoy creative activities, technology, and spending time with friends.",ESFJ,"art, trekking, books, podcasts"
U013,Esha,20,Mumbai,UI/UX Designer,0,"I work as a ui/ux designer with 0 years of experience. My work focuses on design, figma, user research, and I enjoy building practical solutions while improving my professional skills.","I am organized and enjoy solving practical problems. I like collaborative environments, meaningful conversations, and exploring new ideas.",ISTP,"music, design, entrepreneurship, chess"
U014,Farhan,32,Kolkata,Teacher,12,"I work as a teacher with 12 years of experience. My work focuses on communication, mentoring, teaching, and I enjoy building practical solutions while improving my professional skills.","I am a calm and dependable person who enjoys helping others. I like reading, exploring new places, and developing skills that have practical value.",ISFP,"learning languages, art, travel, books"
U015,Gauri,24,Gurugram,Data Analyst,0,"I work as a data analyst with 0 years of experience. My work focuses on excel, statistics, sql, and I enjoy building practical solutions while improving my professional skills.","I am curious, adaptable, and motivated by challenging projects. Outside work, I enjoy creative activities, technology, and spending time with friends.",ESTP,"travel, fitness, painting, volunteering"
U016,Harsh,33,Ahmedabad,Business Analyst,10,"I work as a business analyst with 10 years of experience. My work focuses on process improvement, requirements analysis, excel, and I enjoy building practical solutions while improving my professional skills.","I am a calm and dependable person who enjoys helping others. I like reading, exploring new places, and developing skills that have practical value.",ESFP,"learning languages, technology, coding, reading"
U017,Isha,26,Hyderabad,UI/UX Designer,1,"I work as a ui/ux designer with 1 years of experience. My work focuses on user research, figma, prototyping, and I enjoy building practical solutions while improving my professional skills.","I am organized and enjoy solving practical problems. I like collaborative environments, meaningful conversations, and exploring new ideas.",INTJ,"chess, photography, podcasts, badminton"
U018,Ishaan,37,Mumbai,Research Assistant,6,"I work as a research assistant with 6 years of experience. My work focuses on statistics, research, technical writing, and I enjoy building practical solutions while improving my professional skills.","I enjoy learning new skills and working with people who are curious and dependable. I value clear communication, creativity, and continuous improvement.",INTP,"trekking, reading, cooking, painting"
U019,Jhanvi,33,Hyderabad,Operations Analyst,7,"I work as a operations analyst with 7 years of experience. My work focuses on reporting, excel, process analysis, and I enjoy building practical solutions while improving my professional skills.","I am curious, adaptable, and motivated by challenging projects. Outside work, I enjoy creative activities, technology, and spending time with friends.",ENTJ,"gardening, art, cooking, design"
U020,Kabir,38,Noida,Graphic Designer,1,"I work as a graphic designer with 1 years of experience. My work focuses on illustration, branding, adobe creative suite, and I enjoy building practical solutions while improving my professional skills.","I enjoy learning new skills and working with people who are curious and dependable. I value clear communication, creativity, and continuous improvement.",ENTP,"entrepreneurship, meditation, cooking, dance"
U021,Kavya,39,Chennai,Cybersecurity Analyst,7,"I work as a cybersecurity analyst with 7 years of experience. My work focuses on risk analysis, cloud security, python, and I enjoy building practical solutions while improving my professional skills.","I am a calm and dependable person who enjoys helping others. I like reading, exploring new places, and developing skills that have practical value.",INFJ,"reading, entrepreneurship, technology, volunteering"
U022,Kiran,44,Hyderabad,Mobile App Developer,9,"I work as a mobile app developer with 9 years of experience. My work focuses on flutter, mobile development, firebase, and I enjoy building practical solutions while improving my professional skills.","I enjoy learning new skills and working with people who are curious and dependable. I value clear communication, creativity, and continuous improvement.",INFP,"blogging, photography, books, learning languages"
U023,Krishna,41,Kochi,Sales Executive,2,"I work as a sales executive with 2 years of experience. My work focuses on crm, client relations, sales, and I enjoy building practical solutions while improving my professional skills.","I am curious, adaptable, and motivated by challenging projects. Outside work, I enjoy creative activities, technology, and spending time with friends.",ENFJ,"coding, badminton, podcasts, cycling"
U024,Lakshmi,40,Noida,Business Analyst,13,"I work as a business analyst with 13 years of experience. My work focuses on excel, process improvement, sql, and I enjoy building practical solutions while improving my professional skills.","I enjoy learning new skills and working with people who are curious and dependable. I value clear communication, creativity, and continuous improvement.",ENFP,"art, meditation, badminton, travel"
U025,Manish,31,Noida,Mobile App Developer,3,"I work as a mobile app developer with 3 years of experience. My work focuses on firebase, flutter, mobile development, and I enjoy building practical solutions while improving my professional skills.","I am curious, adaptable, and motivated by challenging projects. Outside work, I enjoy creative activities, technology, and spending time with friends.",ISTJ,"cycling, trekking, gaming, learning languages"
U026,Meera,43,Coimbatore,Sales Executive,11,"I work as a sales executive with 11 years of experience. My work focuses on crm, client relations, sales, and I enjoy building practical solutions while improving my professional skills.","I am a calm and dependable person who enjoys helping others. I like reading, exploring new places, and developing skills that have practical value.",ISFJ,"cycling, entrepreneurship, cricket, coding"
U027,Mihir,34,Ahmedabad,Financial Analyst,3,"I work as a financial analyst with 3 years of experience. My work focuses on forecasting, sql, excel, and I enjoy building practical solutions while improving my professional skills.","I prefer structured work but also enjoy experimenting with better approaches. I value teamwork, honesty, learning, and a positive work environment.",ESTJ,"fitness, dance, travel, painting"
U028,Nandini,22,Kochi,Cybersecurity Analyst,2,"I work as a cybersecurity analyst with 2 years of experience. My work focuses on python, network security, risk analysis, and I enjoy building practical solutions while improving my professional skills.","I am curious, adaptable, and motivated by challenging projects. Outside work, I enjoy creative activities, technology, and spending time with friends.",ESFJ,"cycling, fashion, art, gaming"
U029,Neha,38,Ahmedabad,UI/UX Designer,5,"I work as a ui/ux designer with 5 years of experience. My work focuses on prototyping, design, user research, and I enjoy building practical solutions while improving my professional skills.","I prefer structured work but also enjoy experimenting with better approaches. I value teamwork, honesty, learning, and a positive work environment.",ISTP,"gardening, writing, chess, fitness"
U030,Nikhil,28,Hyderabad,UI/UX Designer,2,"I work as a ui/ux designer with 2 years of experience. My work focuses on design, user research, prototyping, and I enjoy building practical solutions while improving my professional skills.","I enjoy learning new skills and working with people who are curious and dependable. I value clear communication, creativity, and continuous improvement.",ISFP,"cricket, chess, learning languages, photography"
U031,Nisha,29,Delhi,Teacher,5,"I work as a teacher with 5 years of experience. My work focuses on mentoring, communication, curriculum design, and I enjoy building practical solutions while improving my professional skills.","I am a calm and dependable person who enjoys helping others. I like reading, exploring new places, and developing skills that have practical value.",ESTP,"movies, blogging, art, technology"
U032,Pooja,38,Coimbatore,Software Developer,10,"I work as a software developer with 10 years of experience. My work focuses on apis, web development, python, and I enjoy building practical solutions while improving my professional skills.","I enjoy learning new skills and working with people who are curious and dependable. I value clear communication, creativity, and continuous improvement.",ESFP,"movies, dance, books, gaming"
U033,Pranav,38,Delhi,Operations Analyst,1,"I work as a operations analyst with 1 years of experience. My work focuses on process analysis, excel, operations, and I enjoy building practical solutions while improving my professional skills.","I am organized and enjoy solving practical problems. I like collaborative environments, meaningful conversations, and exploring new ideas.",INTJ,"books, reading, gaming, chess"
U034,Priya,42,Gurugram,Teacher,15,"I work as a teacher with 15 years of experience. My work focuses on mentoring, teaching, communication, and I enjoy building practical solutions while improving my professional skills.","I am a calm and dependable person who enjoys helping others. I like reading, exploring new places, and developing skills that have practical value.",INTP,"trekking, coding, meditation, gardening"
U035,Rahul,44,Kolkata,Project Coordinator,8,"I work as a project coordinator with 8 years of experience. My work focuses on project planning, communication, agile, and I enjoy building practical solutions while improving my professional skills.","I prefer structured work but also enjoy experimenting with better approaches. I value teamwork, honesty, learning, and a positive work environment.",ENTJ,"public speaking, cooking, badminton, podcasts"
U036,Riya,38,Hyderabad,Data Analyst,14,"I work as a data analyst with 14 years of experience. My work focuses on data visualization, sql, statistics, and I enjoy building practical solutions while improving my professional skills.","I am organized and enjoy solving practical problems. I like collaborative environments, meaningful conversations, and exploring new ideas.",ENTP,"meditation, music, movies, learning languages"
U037,Rohan,38,Bengaluru,Content Strategist,17,"I work as a content strategist with 17 years of experience. My work focuses on storytelling, seo, writing, and I enjoy building practical solutions while improving my professional skills.","I am organized and enjoy solving practical problems. I like collaborative environments, meaningful conversations, and exploring new ideas.",INFJ,"movies, gardening, meditation, cycling"
U038,Sahana,30,Coimbatore,Project Coordinator,7,"I work as a project coordinator with 7 years of experience. My work focuses on communication, agile, documentation, and I enjoy building practical solutions while improving my professional skills.","I am curious, adaptable, and motivated by challenging projects. Outside work, I enjoy creative activities, technology, and spending time with friends.",INFP,"writing, cycling, badminton, cooking"
U039,Sanjay,29,Coimbatore,DevOps Engineer,4,"I work as a devops engineer with 4 years of experience. My work focuses on linux, docker, kubernetes, and I enjoy building practical solutions while improving my professional skills.","I prefer structured work but also enjoy experimenting with better approaches. I value teamwork, honesty, learning, and a positive work environment.",ENFJ,"movies, technology, cooking, fashion"
U040,Shreya,38,Bengaluru,Content Strategist,12,"I work as a content strategist with 12 years of experience. My work focuses on seo, storytelling, writing, and I enjoy building practical solutions while improving my professional skills.","I am organized and enjoy solving practical problems. I like collaborative environments, meaningful conversations, and exploring new ideas.",ENFP,"entrepreneurship, fitness, badminton, fashion"
U041,Sneha,26,Mumbai,Machine Learning Engineer,4,"I work as a machine learning engineer with 4 years of experience. My work focuses on tensorflow, machine learning, nlp, and I enjoy building practical solutions while improving my professional skills.","I prefer structured work but also enjoy experimenting with better approaches. I value teamwork, honesty, learning, and a positive work environment.",ISTJ,"volunteering, design, photography, technology"
U042,Soham,42,Ahmedabad,Cloud Engineer,7,"I work as a cloud engineer with 7 years of experience. My work focuses on linux, docker, aws, and I enjoy building practical solutions while improving my professional skills.","I am a calm and dependable person who enjoys helping others. I like reading, exploring new places, and developing skills that have practical value.",ISFJ,"fashion, gardening, photography, podcasts"
U043,Tanvi,26,Bengaluru,DevOps Engineer,0,"I work as a devops engineer with 0 years of experience. My work focuses on kubernetes, docker, ci/cd, and I enjoy building practical solutions while improving my professional skills.","I am curious, adaptable, and motivated by challenging projects. Outside work, I enjoy creative activities, technology, and spending time with friends.",ESTJ,"podcasts, writing, entrepreneurship, cooking"
U044,Tanya,21,Mumbai,Machine Learning Engineer,1,"I work as a machine learning engineer with 1 years of experience. My work focuses on tensorflow, nlp, machine learning, and I enjoy building practical solutions while improving my professional skills.","I prefer structured work but also enjoy experimenting with better approaches. I value teamwork, honesty, learning, and a positive work environment.",ESFJ,"chess, reading, painting, trekking"
U045,Varun,40,Chennai,UI/UX Designer,8,"I work as a ui/ux designer with 8 years of experience. My work focuses on design, user research, prototyping, and I enjoy building practical solutions while improving my professional skills.","I prefer structured work but also enjoy experimenting with better approaches. I value teamwork, honesty, learning, and a positive work environment.",ISTP,"cooking, cricket, gardening, volunteering"
U046,Ved,29,Chennai,Digital Marketing Specialist,4,"I work as a digital marketing specialist with 4 years of experience. My work focuses on analytics, content marketing, seo, and I enjoy building practical solutions while improving my professional skills.","I am a calm and dependable person who enjoys helping others. I like reading, exploring new places, and developing skills that have practical value.",ISFP,"movies, coding, learning languages, travel"
U047,Vikram,45,Pune,Data Analyst,2,"I work as a data analyst with 2 years of experience. My work focuses on sql, data visualization, excel, and I enjoy building practical solutions while improving my professional skills.","I am organized and enjoy solving practical problems. I like collaborative environments, meaningful conversations, and exploring new ideas.",ESTP,"badminton, technology, photography, public speaking"
U048,Vishal,33,Mumbai,Research Assistant,3,"I work as a research assistant with 3 years of experience. My work focuses on python, technical writing, statistics, and I enjoy building practical solutions while improving my professional skills.","I prefer structured work but also enjoy experimenting with better approaches. I value teamwork, honesty, learning, and a positive work environment.",ESFP,"coding, meditation, design, cooking"
U049,Yash,38,Noida,Digital Marketing Specialist,2,"I work as a digital marketing specialist with 2 years of experience. My work focuses on seo, analytics, social media, and I enjoy building practical solutions while improving my professional skills.","I enjoy learning new skills and working with people who are curious and dependable. I value clear communication, creativity, and continuous improvement.",INTJ,"cooking, learning languages, music, public speaking"
U050,Zoya,41,Delhi,Teacher,21,"I work as a teacher with 21 years of experience. My work focuses on communication, curriculum design, teaching, and I enjoy building practical solutions while improving my professional skills.","I am organized and enjoy solving practical problems. I like collaborative environments, meaningful conversations, and exploring new ideas.",INTP,"public speaking, dance, photography, chess"
U051,Abhinav,29,Coimbatore,Mobile App Developer,8,"I work as a mobile app developer with 8 years of experience. My work focuses on dart, flutter, firebase, and I enjoy building practical solutions while improving my professional skills.","I am a calm and dependable person who enjoys helping others. I like reading, exploring new places, and developing skills that have practical value.",ENTJ,"cooking, dance, travel, fashion"
U052,Aditi,36,Gurugram,UI/UX Designer,3,"I work as a ui/ux designer with 3 years of experience. My work focuses on design, prototyping, figma, and I enjoy building practical solutions while improving my professional skills.","I enjoy learning new skills and working with people who are curious and dependable. I value clear communication, creativity, and continuous improvement.",ENTP,"books, writing, movies, dance"
U053,Amrita,28,Kochi,Financial Analyst,0,"I work as a financial analyst with 0 years of experience. My work focuses on forecasting, sql, excel, and I enjoy building practical solutions while improving my professional skills.","I am organized and enjoy solving practical problems. I like collaborative environments, meaningful conversations, and exploring new ideas.",INFJ,"writing, entrepreneurship, movies, trekking"
U054,Aniket,20,Pune,Data Analyst,0,"I work as a data analyst with 0 years of experience. My work focuses on statistics, excel, data visualization, and I enjoy building practical solutions while improving my professional skills.","I am curious, adaptable, and motivated by challenging projects. Outside work, I enjoy creative activities, technology, and spending time with friends.",INFP,"music, fitness, cycling, coding"
U055,Apoorva,40,Chennai,Graphic Designer,18,"I work as a graphic designer with 18 years of experience. My work focuses on illustration, adobe creative suite, visual design, and I enjoy building practical solutions while improving my professional skills.","I am organized and enjoy solving practical problems. I like collaborative environments, meaningful conversations, and exploring new ideas.",ENFJ,"music, photography, entrepreneurship, fashion"
U056,Dev,39,Jaipur,Machine Learning Engineer,11,"I work as a machine learning engineer with 11 years of experience. My work focuses on nlp, tensorflow, machine learning, and I enjoy building practical solutions while improving my professional skills.","I am organized and enjoy solving practical problems. I like collaborative environments, meaningful conversations, and exploring new ideas.",ENFP,"art, public speaking, music, fashion"
U057,Ira,38,Chennai,Teacher,9,"I work as a teacher with 9 years of experience. My work focuses on teaching, communication, mentoring, and I enjoy building practical solutions while improving my professional skills.","I am curious, adaptable, and motivated by challenging projects. Outside work, I enjoy creative activities, technology, and spending time with friends.",ISTJ,"chess, blogging, fashion, podcasts"
U058,Karthik,26,Pune,Business Analyst,1,"I work as a business analyst with 1 years of experience. My work focuses on excel, requirements analysis, sql, and I enjoy building practical solutions while improving my professional skills.","I prefer structured work but also enjoy experimenting with better approaches. I value teamwork, honesty, learning, and a positive work environment.",ISFJ,"books, chess, movies, travel"
U059,Maya,41,Noida,Project Coordinator,8,"I work as a project coordinator with 8 years of experience. My work focuses on project planning, documentation, communication, and I enjoy building practical solutions while improving my professional skills.","I prefer structured work but also enjoy experimenting with better approaches. I value teamwork, honesty, learning, and a positive work environment.",ESTJ,"cooking, chess, art, gardening"
U060,Naveen,26,Jaipur,Operations Analyst,0,"I work as a operations analyst with 0 years of experience. My work focuses on process analysis, operations, excel, and I enjoy building practical solutions while improving my professional skills.","I am curious, adaptable, and motivated by challenging projects. Outside work, I enjoy creative activities, technology, and spending time with friends.",ESFJ,"gaming, volunteering, photography, meditation"
U061,Pallavi,21,Kochi,Digital Marketing Specialist,1,"I work as a digital marketing specialist with 1 years of experience. My work focuses on content marketing, social media, analytics, and I enjoy building practical solutions while improving my professional skills.","I enjoy learning new skills and working with people who are curious and dependable. I value clear communication, creativity, and continuous improvement.",ISTP,"public speaking, volunteering, design, learning languages"
U062,Parth,41,Kolkata,Cloud Engineer,15,"I work as a cloud engineer with 15 years of experience. My work focuses on aws, docker, linux, and I enjoy building practical solutions while improving my professional skills.","I am a calm and dependable person who enjoys helping others. I like reading, exploring new places, and developing skills that have practical value.",ISFP,"public speaking, cycling, podcasts, gaming"
U063,Radhika,29,Pune,Research Assistant,3,"I work as a research assistant with 3 years of experience. My work focuses on research, statistics, technical writing, and I enjoy building practical solutions while improving my professional skills.","I am a calm and dependable person who enjoys helping others. I like reading, exploring new places, and developing skills that have practical value.",ESTP,"fashion, music, badminton, gardening"
U064,Raj,42,Pune,Graphic Designer,18,"I work as a graphic designer with 18 years of experience. My work focuses on branding, visual design, adobe creative suite, and I enjoy building practical solutions while improving my professional skills.","I am curious, adaptable, and motivated by challenging projects. Outside work, I enjoy creative activities, technology, and spending time with friends.",ESFP,"fashion, art, design, coding"
U065,Reyansh,26,Bengaluru,Business Analyst,5,"I work as a business analyst with 5 years of experience. My work focuses on requirements analysis, sql, excel, and I enjoy building practical solutions while improving my professional skills.","I prefer structured work but also enjoy experimenting with better approaches. I value teamwork, honesty, learning, and a positive work environment.",INTJ,"trekking, books, art, photography"
U066,Ritika,33,Ahmedabad,Graphic Designer,8,"I work as a graphic designer with 8 years of experience. My work focuses on illustration, branding, adobe creative suite, and I enjoy building practical solutions while improving my professional skills.","I am curious, adaptable, and motivated by challenging projects. Outside work, I enjoy creative activities, technology, and spending time with friends.",INTP,"cooking, cricket, technology, music"
U067,Samarth,24,Ahmedabad,DevOps Engineer,1,"I work as a devops engineer with 1 years of experience. My work focuses on docker, linux, ci/cd, and I enjoy building practical solutions while improving my professional skills.","I am organized and enjoy solving practical problems. I like collaborative environments, meaningful conversations, and exploring new ideas.",ENTJ,"meditation, gaming, coding, music"
U068,Sanya,27,Gurugram,Graphic Designer,6,"I work as a graphic designer with 6 years of experience. My work focuses on visual design, branding, illustration, and I enjoy building practical solutions while improving my professional skills.","I am organized and enjoy solving practical problems. I like collaborative environments, meaningful conversations, and exploring new ideas.",ENTP,"gardening, technology, design, trekking"
U069,Shivani,36,Noida,Product Manager,11,"I work as a product manager with 11 years of experience. My work focuses on product strategy, leadership, user research, and I enjoy building practical solutions while improving my professional skills.","I am a calm and dependable person who enjoys helping others. I like reading, exploring new places, and developing skills that have practical value.",INFJ,"cricket, photography, trekking, fashion"
U070,Siddharth,38,Mysuru,Mobile App Developer,5,"I work as a mobile app developer with 5 years of experience. My work focuses on mobile development, dart, flutter, and I enjoy building practical solutions while improving my professional skills.","I am curious, adaptable, and motivated by challenging projects. Outside work, I enjoy creative activities, technology, and spending time with friends.",INFP,"fitness, fashion, podcasts, volunteering"
U071,Simran,29,Kochi,Cloud Engineer,0,"I work as a cloud engineer with 0 years of experience. My work focuses on linux, aws, docker, and I enjoy building practical solutions while improving my professional skills.","I am a calm and dependable person who enjoys helping others. I like reading, exploring new places, and developing skills that have practical value.",ENFJ,"cricket, gaming, fitness, photography"
U072,Tejas,39,Kolkata,Business Analyst,4,"I work as a business analyst with 4 years of experience. My work focuses on excel, requirements analysis, process improvement, and I enjoy building practical solutions while improving my professional skills.","I enjoy learning new skills and working with people who are curious and dependable. I value clear communication, creativity, and continuous improvement.",ENFP,"technology, podcasts, meditation, cricket"
U073,Trisha,35,Kolkata,Content Strategist,3,"I work as a content strategist with 3 years of experience. My work focuses on writing, seo, content planning, and I enjoy building practical solutions while improving my professional skills.","I am a calm and dependable person who enjoys helping others. I like reading, exploring new places, and developing skills that have practical value.",ISTJ,"music, volunteering, public speaking, reading"
U074,Utkarsh,35,Kochi,Project Coordinator,5,"I work as a project coordinator with 5 years of experience. My work focuses on communication, project planning, agile, and I enjoy building practical solutions while improving my professional skills.","I am curious, adaptable, and motivated by challenging projects. Outside work, I enjoy creative activities, technology, and spending time with friends.",ISFJ,"reading, meditation, art, travel"
U075,Vaishnavi,32,Kolkata,Cloud Engineer,4,"I work as a cloud engineer with 4 years of experience. My work focuses on linux, docker, cloud architecture, and I enjoy building practical solutions while improving my professional skills.","I prefer structured work but also enjoy experimenting with better approaches. I value teamwork, honesty, learning, and a positive work environment.",ESTJ,"podcasts, blogging, volunteering, travel"
U076,Vansh,33,Jaipur,Project Coordinator,8,"I work as a project coordinator with 8 years of experience. My work focuses on communication, project planning, agile, and I enjoy building practical solutions while improving my professional skills.","I am curious, adaptable, and motivated by challenging projects. Outside work, I enjoy creative activities, technology, and spending time with friends.",ESFJ,"cricket, books, public speaking, volunteering"
U077,Vidya,28,Ahmedabad,Research Assistant,3,"I work as a research assistant with 3 years of experience. My work focuses on technical writing, python, research, and I enjoy building practical solutions while improving my professional skills.","I prefer structured work but also enjoy experimenting with better approaches. I value teamwork, honesty, learning, and a positive work environment.",ISTP,"gardening, entrepreneurship, reading, public speaking"
U078,Yuvraj,32,Coimbatore,Project Coordinator,10,"I work as a project coordinator with 10 years of experience. My work focuses on documentation, agile, communication, and I enjoy building practical solutions while improving my professional skills.","I am curious, adaptable, and motivated by challenging projects. Outside work, I enjoy creative activities, technology, and spending time with friends.",ISFP,"volunteering, photography, podcasts, dance"
U079,Anjali,32,Noida,Graphic Designer,9,"I work as a graphic designer with 9 years of experience. My work focuses on branding, adobe creative suite, illustration, and I enjoy building practical solutions while improving my professional skills.","I am curious, adaptable, and motivated by challenging projects. Outside work, I enjoy creative activities, technology, and spending time with friends.",ESTP,"art, learning languages, technology, entrepreneurship"
U080,Deepak,27,Kolkata,Data Analyst,5,"I work as a data analyst with 5 years of experience. My work focuses on excel, sql, statistics, and I enjoy building practical solutions while improving my professional skills.","I prefer structured work but also enjoy experimenting with better approaches. I value teamwork, honesty, learning, and a positive work environment.",ESFP,"writing, entrepreneurship, reading, cricket"
U081,Faisal,28,Pune,Software Developer,8,"I work as a software developer with 8 years of experience. My work focuses on apis, web development, python, and I enjoy building practical solutions while improving my professional skills.","I enjoy learning new skills and working with people who are curious and dependable. I value clear communication, creativity, and continuous improvement.",INTJ,"reading, entrepreneurship, chess, podcasts"
U082,Hema,38,Bengaluru,Mobile App Developer,15,"I work as a mobile app developer with 15 years of experience. My work focuses on flutter, firebase, mobile development, and I enjoy building practical solutions while improving my professional skills.","I prefer structured work but also enjoy experimenting with better approaches. I value teamwork, honesty, learning, and a positive work environment.",INTP,"books, fitness, blogging, writing"
U083,Joel,42,Mumbai,Digital Marketing Specialist,14,"I work as a digital marketing specialist with 14 years of experience. My work focuses on analytics, social media, content marketing, and I enjoy building practical solutions while improving my professional skills.","I am organized and enjoy solving practical problems. I like collaborative environments, meaningful conversations, and exploring new ideas.",ENTJ,"books, technology, movies, travel"
U084,Keerthi,42,Mumbai,Research Assistant,22,"I work as a research assistant with 22 years of experience. My work focuses on statistics, research, python, and I enjoy building practical solutions while improving my professional skills.","I prefer structured work but also enjoy experimenting with better approaches. I value teamwork, honesty, learning, and a positive work environment.",ENTP,"technology, public speaking, music, fashion"
U085,Lavanya,44,Noida,Data Analyst,20,"I work as a data analyst with 20 years of experience. My work focuses on excel, data visualization, statistics, and I enjoy building practical solutions while improving my professional skills.","I am curious, adaptable, and motivated by challenging projects. Outside work, I enjoy creative activities, technology, and spending time with friends.",INFJ,"meditation, travel, gaming, movies"
U086,Madhav,39,Coimbatore,Data Analyst,19,"I work as a data analyst with 19 years of experience. My work focuses on sql, statistics, data visualization, and I enjoy building practical solutions while improving my professional skills.","I am organized and enjoy solving practical problems. I like collaborative environments, meaningful conversations, and exploring new ideas.",INFP,"trekking, entrepreneurship, podcasts, fitness"
U087,Namrata,39,Gurugram,Operations Analyst,6,"I work as a operations analyst with 6 years of experience. My work focuses on operations, reporting, process analysis, and I enjoy building practical solutions while improving my professional skills.","I prefer structured work but also enjoy experimenting with better approaches. I value teamwork, honesty, learning, and a positive work environment.",ENFJ,"cycling, reading, chess, fashion"
U088,Om,20,Chennai,Project Coordinator,0,"I work as a project coordinator with 0 years of experience. My work focuses on agile, project planning, communication, and I enjoy building practical solutions while improving my professional skills.","I am organized and enjoy solving practical problems. I like collaborative environments, meaningful conversations, and exploring new ideas.",ENFP,"music, painting, learning languages, books"
U089,Payal,40,Delhi,Content Strategist,6,"I work as a content strategist with 6 years of experience. My work focuses on writing, storytelling, content planning, and I enjoy building practical solutions while improving my professional skills.","I am curious, adaptable, and motivated by challenging projects. Outside work, I enjoy creative activities, technology, and spending time with friends.",ISTJ,"gardening, badminton, dance, entrepreneurship"
U090,Rakesh,24,Gurugram,Financial Analyst,4,"I work as a financial analyst with 4 years of experience. My work focuses on sql, forecasting, excel, and I enjoy building practical solutions while improving my professional skills.","I am curious, adaptable, and motivated by challenging projects. Outside work, I enjoy creative activities, technology, and spending time with friends.",ISFJ,"technology, travel, learning languages, photography"
U091,Sakshi,24,Delhi,Financial Analyst,3,"I work as a financial analyst with 3 years of experience. My work focuses on forecasting, financial modeling, sql, and I enjoy building practical solutions while improving my professional skills.","I am curious, adaptable, and motivated by challenging projects. Outside work, I enjoy creative activities, technology, and spending time with friends.",ESTJ,"meditation, podcasts, painting, cycling"
U092,Sameer,40,Ahmedabad,Operations Analyst,14,"I work as a operations analyst with 14 years of experience. My work focuses on excel, reporting, process analysis, and I enjoy building practical solutions while improving my professional skills.","I am organized and enjoy solving practical problems. I like collaborative environments, meaningful conversations, and exploring new ideas.",ESFJ,"music, blogging, badminton, gaming"
U093,Shalini,45,Kochi,Data Analyst,17,"I work as a data analyst with 17 years of experience. My work focuses on statistics, sql, data visualization, and I enjoy building practical solutions while improving my professional skills.","I am a calm and dependable person who enjoys helping others. I like reading, exploring new places, and developing skills that have practical value.",ISTP,"podcasts, trekking, volunteering, public speaking"
U094,Tarun,25,Noida,Operations Analyst,1,"I work as a operations analyst with 1 years of experience. My work focuses on operations, process analysis, excel, and I enjoy building practical solutions while improving my professional skills.","I am organized and enjoy solving practical problems. I like collaborative environments, meaningful conversations, and exploring new ideas.",ISFP,"books, public speaking, reading, meditation"
U095,Uma,26,Mangaluru,Project Coordinator,2,"I work as a project coordinator with 2 years of experience. My work focuses on project planning, documentation, communication, and I enjoy building practical solutions while improving my professional skills.","I prefer structured work but also enjoy experimenting with better approaches. I value teamwork, honesty, learning, and a positive work environment.",ESTP,"public speaking, cycling, art, cricket"
U096,Varsha,45,Pune,Sales Executive,9,"I work as a sales executive with 9 years of experience. My work focuses on sales, client relations, crm, and I enjoy building practical solutions while improving my professional skills.","I enjoy learning new skills and working with people who are curious and dependable. I value clear communication, creativity, and continuous improvement.",ESFP,"badminton, public speaking, coding, cricket"
U097,Vivek,30,Delhi,Teacher,4,"I work as a teacher with 4 years of experience. My work focuses on curriculum design, communication, mentoring, and I enjoy building practical solutions while improving my professional skills.","I enjoy learning new skills and working with people who are curious and dependable. I value clear communication, creativity, and continuous improvement.",INTJ,"dance, writing, music, badminton"
U098,Yamini,26,Gurugram,Mobile App Developer,4,"I work as a mobile app developer with 4 years of experience. My work focuses on mobile development, firebase, dart, and I enjoy building practical solutions while improving my professional skills.","I am curious, adaptable, and motivated by challenging projects. Outside work, I enjoy creative activities, technology, and spending time with friends.",INTP,"chess, cycling, writing, learning languages"
U099,Zubin,41,Hyderabad,Mobile App Developer,20,"I work as a mobile app developer with 20 years of experience. My work focuses on mobile development, firebase, flutter, and I enjoy building practical solutions while improving my professional skills.","I am a calm and dependable person who enjoys helping others. I like reading, exploring new places, and developing skills that have practical value.",ENTJ,"meditation, music, blogging, books"
U100,Aarohi,39,Mangaluru,Cloud Engineer,2,"I work as a cloud engineer with 2 years of experience. My work focuses on docker, linux, cloud architecture, and I enjoy building practical solutions while improving my professional skills.","I am a calm and dependable person who enjoys helping others. I like reading, exploring new places, and developing skills that have practical value.",ENTP,"learning languages, reading, trekking, music"
U101,Ibrahim,28,Kochi,Financial Analyst,7,"I work as a financial analyst with 7 years of experience. My work focuses on forecasting, excel, financial modeling, and I enjoy building practical solutions while improving my professional skills.","I am organized and enjoy solving practical problems. I like collaborative environments, meaningful conversations, and exploring new ideas.",INFJ,"fashion, badminton, design, cricket"
U102,Kiara,23,Delhi,Digital Marketing Specialist,2,"I work as a digital marketing specialist with 2 years of experience. My work focuses on seo, social media, content marketing, and I enjoy building practical solutions while improving my professional skills.","I am a calm and dependable person who enjoys helping others. I like reading, exploring new places, and developing skills that have practical value.",INFP,"travel, music, podcasts, volunteering"
U103,Mohit,31,Gurugram,Cloud Engineer,6,"I work as a cloud engineer with 6 years of experience. My work focuses on aws, linux, cloud architecture, and I enjoy building practical solutions while improving my professional skills.","I am a calm and dependable person who enjoys helping others. I like reading, exploring new places, and developing skills that have practical value.",ENFJ,"music, meditation, public speaking, gardening"
U104,Nikita,42,Noida,Research Assistant,17,"I work as a research assistant with 17 years of experience. My work focuses on python, research, statistics, and I enjoy building practical solutions while improving my professional skills.","I am a calm and dependable person who enjoys helping others. I like reading, exploring new places, and developing skills that have practical value.",ENFP,"cooking, badminton, podcasts, meditation"
U105,Raghav,37,Ahmedabad,Research Assistant,11,"I work as a research assistant with 11 years of experience. My work focuses on statistics, technical writing, research, and I enjoy building practical solutions while improving my professional skills.","I am a calm and dependable person who enjoys helping others. I like reading, exploring new places, and developing skills that have practical value.",ISTJ,"technology, gardening, entrepreneurship, fitness"
U106,Sonal,28,Jaipur,Financial Analyst,0,"I work as a financial analyst with 0 years of experience. My work focuses on excel, forecasting, financial modeling, and I enjoy building practical solutions while improving my professional skills.","I am a calm and dependable person who enjoys helping others. I like reading, exploring new places, and developing skills that have practical value.",ISFJ,"fashion, books, public speaking, photography"
U107,Surya,38,Delhi,Operations Analyst,2,"I work as a operations analyst with 2 years of experience. My work focuses on reporting, excel, operations, and I enjoy building practical solutions while improving my professional skills.","I am curious, adaptable, and motivated by challenging projects. Outside work, I enjoy creative activities, technology, and spending time with friends.",ESTJ,"learning languages, volunteering, meditation, chess"
U108,Vani,21,Mangaluru,Cloud Engineer,1,"I work as a cloud engineer with 1 years of experience. My work focuses on docker, cloud architecture, aws, and I enjoy building practical solutions while improving my professional skills.","I prefer structured work but also enjoy experimenting with better approaches. I value teamwork, honesty, learning, and a positive work environment.",ESFJ,"gaming, chess, music, public speaking"
U109,Aman,31,Pune,Teacher,10,"I work as a teacher with 10 years of experience. My work focuses on mentoring, communication, curriculum design, and I enjoy building practical solutions while improving my professional skills.","I am organized and enjoy solving practical problems. I like collaborative environments, meaningful conversations, and exploring new ideas.",ISTP,"fitness, books, painting, writing"
U110,Nitya,22,Ahmedabad,Financial Analyst,1,"I work as a financial analyst with 1 years of experience. My work focuses on forecasting, financial modeling, sql, and I enjoy building practical solutions while improving my professional skills.","I am curious, adaptable, and motivated by challenging projects. Outside work, I enjoy creative activities, technology, and spending time with friends.",ISFP,"reading, books, badminton, gaming"
